{"indexes":[{"v":{"$numberInt":"2"},"key":{"_id":{"$numberInt":"1"}},"name":"_id_"},{"v":{"$numberInt":"2"},"key":{"exchangeId":{"$numberInt":"1"}},"name":"exchangeId_1","background":true},{"v":{"$numberInt":"2"},"key":{"userId":{"$numberInt":"1"}},"name":"userId_1","background":true},{"v":{"$numberInt":"2"},"key":{"groupId":{"$numberInt":"1"}},"name":"groupId_1","background":true},{"v":{"$numberInt":"2"},"key":{"status":{"$numberInt":"1"},"userId":{"$numberInt":"1"}},"name":"status_1_userId_1","background":true},{"v":{"$numberInt":"2"},"key":{"status":{"$numberInt":"1"},"groupId":{"$numberInt":"1"}},"name":"status_1_groupId_1","background":true},{"v":{"$numberInt":"2"},"key":{"status":{"$numberInt":"1"},"exchangeId":{"$numberInt":"1"}},"name":"status_1_exchangeId_1","background":true},{"v":{"$numberInt":"2"},"key":{"status":{"$numberInt":"1"},"userId":{"$numberInt":"1"},"exchangeId":{"$numberInt":"1"}},"name":"status_1_userId_1_exchangeId_1","background":true}],"uuid":"7816685a1fce44489c057bc4fa230f7c","collectionName":"assignGroup","type":"collection"}