{"indexes":[{"v":{"$numberInt":"2"},"key":{"_id":{"$numberInt":"1"}},"name":"_id_"},{"v":{"$numberInt":"2"},"key":{"exchangeId":{"$numberInt":"1"}},"name":"exchangeId_1","background":true},{"v":{"$numberInt":"2"},"key":{"weekOff":{"$numberInt":"1"}},"name":"weekOff_1","background":true},{"v":{"$numberInt":"2"},"key":{"startTime":{"$numberInt":"1"}},"name":"startTime_1","background":true},{"v":{"$numberInt":"2"},"key":{"endTime":{"$numberInt":"1"}},"name":"endTime_1","background":true}],"uuid":"0f49d14e8bec4c298f664482e505b239","collectionName":"exchangeTimeSchedule","type":"collection"}