{"indexes":[{"v":{"$numberInt":"2"},"key":{"_id":{"$numberInt":"1"}},"name":"_id_"},{"v":{"$numberInt":"2"},"key":{"exchangeId":{"$numberInt":"1"}},"name":"exchangeId_1","background":true},{"v":{"$numberInt":"2"},"key":{"status":{"$numberInt":"1"}},"name":"status_1","background":true},{"v":{"$numberInt":"2"},"key":{"createdBy":{"$numberInt":"1"}},"name":"createdBy_1","background":true},{"v":{"$numberInt":"2"},"key":{"createdBy":{"$numberInt":"1"},"exchangeId":{"$numberInt":"1"}},"name":"createdBy_1_exchangeId_1","background":true},{"v":{"$numberInt":"2"},"key":{"status":{"$numberInt":"1"},"exchangeId":{"$numberInt":"1"}},"name":"status_1_exchangeId_1","background":true}],"uuid":"4269b0bb6bfe4a53bfc17c777652e1e2","collectionName":"groups","type":"collection"}