{"indexes":[{"v":{"$numberInt":"2"},"key":{"_id":{"$numberInt":"1"}},"name":"_id_"},{"v":{"$numberInt":"2"},"key":{"userId":{"$numberInt":"1"}},"name":"userId_1","background":true},{"v":{"$numberInt":"2"},"key":{"from":{"$numberInt":"1"}},"name":"from_1","background":true},{"v":{"$numberInt":"2"},"key":{"status":{"$numberInt":"1"}},"name":"status_1","background":true},{"v":{"$numberInt":"2"},"key":{"createdAt":{"$numberInt":"1"}},"name":"createdAt_1","background":true},{"v":{"$numberInt":"2"},"key":{"tradeId":{"$numberInt":"1"}},"name":"tradeId_1","background":true},{"v":{"$numberInt":"2"},"key":{"symbolPriceAlertId":{"$numberInt":"1"}},"name":"symbolPriceAlertId_1","background":true}],"uuid":"384348c66cde4133985e32b855f5e9f6","collectionName":"notification","type":"collection"}