{"indexes":[{"v":{"$numberInt":"2"},"key":{"_id":{"$numberInt":"1"}},"name":"_id_"},{"v":{"$numberInt":"2"},"key":{"userId":{"$numberInt":"1"}},"name":"userId_1","background":true},{"v":{"$numberInt":"2"},"key":{"parentId":{"$numberInt":"1"}},"name":"parentId_1","background":true},{"v":{"$numberInt":"2"},"key":{"transactionId":{"$numberInt":"1"}},"name":"transactionId_1","background":true},{"v":{"$numberInt":"2"},"key":{"paymentRequestType":{"$numberInt":"1"}},"name":"paymentRequestType_1","background":true},{"v":{"$numberInt":"2"},"key":{"status":{"$numberInt":"1"}},"name":"status_1","background":true},{"v":{"$numberInt":"2"},"key":{"createdAt":{"$numberInt":"1"}},"name":"createdAt_1","background":true},{"v":{"$numberInt":"2"},"key":{"deletedBy":{"$numberInt":"1"}},"name":"deletedBy_1","background":true}],"uuid":"5b8fc77ed8be47d78186c449778969d9","collectionName":"paymentRequest","type":"collection"}