{"indexes":[{"v":{"$numberInt":"2"},"key":{"_id":{"$numberInt":"1"}},"name":"_id_"},{"v":{"$numberInt":"2"},"key":{"exchangeId":{"$numberInt":"1"}},"name":"exchangeId_1","background":true},{"v":{"$numberInt":"2"},"key":{"userId":{"$numberInt":"1"}},"name":"userId_1","background":true},{"v":{"$numberInt":"2"},"key":{"symbolId":{"$numberInt":"1"}},"name":"symbolId_1","background":true},{"v":{"$numberInt":"2"},"key":{"createdAt":{"$numberInt":"1"}},"name":"createdAt_1","background":true},{"v":{"$numberInt":"2"},"key":{"productType":{"$numberInt":"1"}},"name":"productType_1","background":true},{"v":{"$numberInt":"2"},"key":{"userId":{"$numberInt":"1"},"symbolId":{"$numberInt":"1"}},"name":"userId_1_symbolId_1","background":true},{"v":{"$numberInt":"2"},"key":{"userId":{"$numberInt":"1"},"productType":{"$numberInt":"1"}},"name":"userId_1_productType_1","background":true}],"uuid":"5296213cb6564256b1a84a7b7a323064","collectionName":"position","type":"collection"}