{"indexes":[{"v":{"$numberInt":"2"},"key":{"_id":{"$numberInt":"1"}},"name":"_id_"},{"v":{"$numberInt":"2"},"key":{"exchangeId":{"$numberInt":"1"}},"name":"exchangeId_1","background":true},{"v":{"$numberInt":"2"},"key":{"expiryDate":{"$numberInt":"1"}},"name":"expiryDate_1","background":true},{"v":{"$numberInt":"2"},"key":{"masterName":{"$numberInt":"1"}},"name":"masterName_1","background":true},{"v":{"$numberInt":"2"},"key":{"title":{"$numberInt":"1"}},"name":"title_1","background":true}],"uuid":"36230bb656d54a06a96b16bcc3f28d4c","collectionName":"symbol","type":"collection"}