{"indexes":[{"v":{"$numberInt":"2"},"key":{"_id":{"$numberInt":"1"}},"name":"_id_"},{"v":{"$numberInt":"2"},"key":{"positionId":{"$numberInt":"1"}},"name":"positionId_1","background":true},{"v":{"$numberInt":"2"},"key":{"groupId":{"$numberInt":"1"}},"name":"groupId_1","background":true},{"v":{"$numberInt":"2"},"key":{"symbolId":{"$numberInt":"1"}},"name":"symbolId_1","background":true},{"v":{"$numberInt":"2"},"key":{"exchangeId":{"$numberInt":"1"}},"name":"exchangeId_1","background":true},{"v":{"$numberInt":"2"},"key":{"userId":{"$numberInt":"1"}},"name":"userId_1","background":true},{"v":{"$numberInt":"2"},"key":{"parentId":{"$numberInt":"1"}},"name":"parentId_1","background":true},{"v":{"$numberInt":"2"},"key":{"tradeParentId":{"$numberInt":"1"}},"name":"tradeParentId_1","background":true},{"v":{"$numberInt":"2"},"key":{"manuallyTradeAddedBy":{"$numberInt":"1"}},"name":"manuallyTradeAddedBy_1","background":true},{"v":{"$numberInt":"2"},"key":{"isExecutedBySocket":{"$numberInt":"1"}},"name":"isExecutedBySocket_1","background":true},{"v":{"$numberInt":"2"},"key":{"status":{"$numberInt":"1"}},"name":"status_1","background":true},{"v":{"$numberInt":"2"},"key":{"productType":{"$numberInt":"1"}},"name":"productType_1","background":true},{"v":{"$numberInt":"2"},"key":{"sequence":{"$numberInt":"1"}},"name":"sequence_1","background":true},{"v":{"$numberInt":"2"},"key":{"intradaySquareOff":{"$numberInt":"1"}},"name":"intradaySquareOff_1","background":true},{"v":{"$numberInt":"2"},"key":{"createdAt":{"$numberInt":"1"}},"name":"createdAt_1","background":true},{"v":{"$numberInt":"2"},"key":{"executionDateTime":{"$numberInt":"1"}},"name":"executionDateTime_1","background":true},{"v":{"$numberInt":"2"},"key":{"orderType":{"$numberInt":"1"}},"name":"orderType_1","background":true},{"v":{"$numberInt":"2"},"key":{"manuallyTradeAddedFor":{"$numberInt":"1"}},"name":"manuallyTradeAddedFor_1","background":true},{"v":{"$numberInt":"2"},"key":{"brokerId":{"$numberInt":"1"},"userId":{"$numberInt":"1"}},"name":"brokerId_1_userId_1","background":true},{"v":{"$numberInt":"2"},"key":{"userId":{"$numberInt":"1"},"status":{"$numberInt":"1"}},"name":"userId_1_status_1","background":true},{"v":{"$numberInt":"2"},"key":{"userId":{"$numberInt":"1"},"productType":{"$numberInt":"1"}},"name":"userId_1_productType_1","background":true}],"uuid":"c160c07c429948b6afb375ed695a9299","collectionName":"trade","type":"collection"}