{"indexes":[{"v":{"$numberInt":"2"},"key":{"_id":{"$numberInt":"1"}},"name":"_id_"},{"v":{"$numberInt":"2"},"key":{"symbolId":{"$numberInt":"1"}},"name":"symbolId_1","background":true},{"v":{"$numberInt":"2"},"key":{"exchangeId":{"$numberInt":"1"}},"name":"exchangeId_1","background":true},{"v":{"$numberInt":"2"},"key":{"userId":{"$numberInt":"1"}},"name":"userId_1","background":true},{"v":{"$numberInt":"2"},"key":{"type":{"$numberInt":"1"}},"name":"type_1","background":true},{"v":{"$numberInt":"2"},"key":{"createdAt":{"$numberInt":"1"}},"name":"createdAt_1","background":true},{"v":{"$numberInt":"2"},"key":{"tradeId":{"$numberInt":"1"}},"name":"tradeId_1","background":true},{"v":{"$numberInt":"2"},"key":{"from":{"$numberInt":"1"}},"name":"from_1","background":true},{"v":{"$numberInt":"2"},"key":{"to":{"$numberInt":"1"}},"name":"to_1","background":true},{"v":{"$numberInt":"2"},"key":{"deletedBy":{"$numberInt":"1"}},"name":"deletedBy_1","background":true}],"uuid":"684850b99af8456daba4a9fa83599e72","collectionName":"transactionnew","type":"collection"}