{"indexes":[{"v":{"$numberInt":"2"},"key":{"_id":{"$numberInt":"1"}},"name":"_id_"},{"v":{"$numberInt":"2"},"key":{"symbolId":{"$numberInt":"1"}},"name":"symbolId_1","background":true},{"v":{"$numberInt":"2"},"key":{"exchangeId":{"$numberInt":"1"}},"name":"exchangeId_1","background":true},{"v":{"$numberInt":"2"},"key":{"userId":{"$numberInt":"1"}},"name":"userId_1","background":true},{"v":{"$numberInt":"2"},"key":{"brokerageType":{"$numberInt":"1"}},"name":"brokerageType_1","background":true}],"uuid":"a214e5e75056471aaaad17c79c26c7b0","collectionName":"userWiseBrokerage","type":"collection"}