{"indexes":[{"v":{"$numberInt":"2"},"key":{"_id":{"$numberInt":"1"}},"name":"_id_"},{"v":{"$numberInt":"2"},"key":{"exchangeId":{"$numberInt":"1"}},"name":"exchangeId_1","background":true},{"v":{"$numberInt":"2"},"key":{"userId":{"$numberInt":"1"}},"name":"userId_1","background":true},{"v":{"$numberInt":"2"},"key":{"isTurnoverWise":{"$numberInt":"1"}},"name":"isTurnoverWise_1","background":true},{"v":{"$numberInt":"2"},"key":{"isSymbolWise":{"$numberInt":"1"}},"name":"isSymbolWise_1","background":true},{"v":{"$numberInt":"2"},"key":{"status":{"$numberInt":"1"}},"name":"status_1","background":true}],"uuid":"0515cb4b75cb429c8ffd83079f51574a","collectionName":"userWiseExchange","type":"collection"}