{"indexes":[{"v":{"$numberInt":"2"},"key":{"_id":{"$numberInt":"1"}},"name":"_id_"},{"v":{"$numberInt":"2"},"key":{"symbolId":{"$numberInt":"1"}},"name":"symbolId_1","background":true},{"v":{"$numberInt":"2"},"key":{"exchangeId":{"$numberInt":"1"}},"name":"exchangeId_1","background":true},{"v":{"$numberInt":"2"},"key":{"userId":{"$numberInt":"1"}},"name":"userId_1","background":true},{"v":{"$numberInt":"2"},"key":{"groupId":{"$numberInt":"1"}},"name":"groupId_1","background":true}],"uuid":"8c59c5602cff446c8978c8fb80d56eb7","collectionName":"userWiseGroupDataAssociation","type":"collection"}